product_category_id,product_category
1,Aircon/dehumidifier
2,Battery/charger/adapter
3,"Decorative or safety lights"
4,"Desktop computer"
5,"Digital compact camera"
6,"DSLR/video camera"
7,Fan
8,"Flat screen"
9,"Hair & beauty item"
10,"Handheld entertainment device"
11,Headphones
12,"Hi-Fi integrated"
13,"Hi-Fi separates"
14,Kettle
15,Lamp
16,Laptop
17,"Large home electrical"
18,Misc
19,Mobile
20,"Musical instrument"
21,"Paper shredder"
22,"PC Accessory"
23,"Portable radio"
24,"Power tool"
25,Printer/scanner
26,Projector
27,"Sewing machine"
28,"Small home electrical"
29,"Small kitchen item"
30,Tablet
31,Toaster
32,Toy
33,"TV and gaming-related accessories"
34,Vacuum
35,Watch/clock
36,"Coffee maker"
37,"Food processor"
38,"Games console"
39,"Hair dryer"
40,Iron
